Status,Confidence,Hash Distance,Reference Image,HD Match,Output File
Matched,High,4,C:\Users\JamesCody\Inverloch Marine\Inverloch Marine Management - Management\Website\Website Rebuild Considerations\New Website\Photos\Walk Around\646 Walk Around\646-walk-around-card.jpg,C:\Users\JamesCody\Inverloch Marine\Data - Documents\A SALES RELATED\EXTREME BOATS\Extreme Boat Photos\646 Walk Around\3_2\646 Walk Around_03.jpg,C:\Users\JamesCody\Inverloch Marine\Inverloch Marine Management - Management\Website\Website Rebuild Considerations\Brand Photos\Extreme\Walk Around\646 Walk Around\646 Walk Around_001.jpg
Matched,Medium,8,C:\Users\JamesCody\Inverloch Marine\Inverloch Marine Management - Management\Website\Website Rebuild Considerations\New Website\Photos\Walk Around\646 Walk Around\646-walk-around-gallery-01.jpg,C:\Users\JamesCody\Inverloch Marine\Data - Documents\A SALES RELATED\EXTREME BOATS\Extreme Boat Photos\646 Walk Around\3_2\646 Walk Around_02.jpg,C:\Users\JamesCody\Inverloch Marine\Inverloch Marine Management - Management\Website\Website Rebuild Considerations\Brand Photos\Extreme\Walk Around\646 Walk Around\646 Walk Around_002.jpg
Unmatched,No Match,12,C:\Users\JamesCody\Inverloch Marine\Inverloch Marine Management - Management\Website\Website Rebuild Considerations\New Website\Photos\Walk Around\646 Walk Around\646-walk-around-gallery-02.jpg,,
Matched,High,6,C:\Users\JamesCody\Inverloch Marine\Inverloch Marine Management - Management\Website\Website Rebuild Considerations\New Website\Photos\Walk Around\646 Walk Around\646-walk-around-gallery-03.jpg,C:\Users\JamesCody\Inverloch Marine\Data - Documents\A SALES RELATED\EXTREME BOATS\Extreme Boat Photos\646 Walk Around\3_2\646 Walk Around_07.jpg,C:\Users\JamesCody\Inverloch Marine\Inverloch Marine Management - Management\Website\Website Rebuild Considerations\Brand Photos\Extreme\Walk Around\646 Walk Around\646 Walk Around_003.jpg
Unmatched,No Match,16,C:\Users\JamesCody\Inverloch Marine\Inverloch Marine Management - Management\Website\Website Rebuild Considerations\New Website\Photos\Walk Around\646 Walk Around\646-walk-around-gallery-04.jpg,,
Matched,High,6,C:\Users\JamesCody\Inverloch Marine\Inverloch Marine Management - Management\Website\Website Rebuild Considerations\New Website\Photos\Walk Around\646 Walk Around\646-walk-around-gallery-05.jpg,C:\Users\JamesCody\Inverloch Marine\Data - Documents\A SALES RELATED\EXTREME BOATS\Extreme Boat Photos\646 Walk Around\3_2\646 Walk Around_04.jpg,C:\Users\JamesCody\Inverloch Marine\Inverloch Marine Management - Management\Website\Website Rebuild Considerations\Brand Photos\Extreme\Walk Around\646 Walk Around\646 Walk Around_004.jpg
Unmatched,No Match,16,C:\Users\JamesCody\Inverloch Marine\Inverloch Marine Management - Management\Website\Website Rebuild Considerations\New Website\Photos\Walk Around\646 Walk Around\646-walk-around-gallery-06.jpg,,
Matched,Medium,10,C:\Users\JamesCody\Inverloch Marine\Inverloch Marine Management - Management\Website\Website Rebuild Considerations\New Website\Photos\Walk Around\646 Walk Around\646-walk-around-gallery-07.jpg,C:\Users\JamesCody\Inverloch Marine\Data - Documents\A SALES RELATED\EXTREME BOATS\Extreme Boat Photos\646 Walk Around\3_2\646 Walk Around_10.jpg,C:\Users\JamesCody\Inverloch Marine\Inverloch Marine Management - Management\Website\Website Rebuild Considerations\Brand Photos\Extreme\Walk Around\646 Walk Around\646 Walk Around_005.jpg
Unmatched,No Match,16,C:\Users\JamesCody\Inverloch Marine\Inverloch Marine Management - Management\Website\Website Rebuild Considerations\New Website\Photos\Walk Around\646 Walk Around\646-walk-around-gallery-08.jpg,,
Unmatched,No Match,14,C:\Users\JamesCody\Inverloch Marine\Inverloch Marine Management - Management\Website\Website Rebuild Considerations\New Website\Photos\Walk Around\646 Walk Around\646-walk-around-gallery-09.jpg,,
Unmatched,No Match,16,C:\Users\JamesCody\Inverloch Marine\Inverloch Marine Management - Management\Website\Website Rebuild Considerations\New Website\Photos\Walk Around\646 Walk Around\646-walk-around-hero.jpg,,
Matched,Medium,8,C:\Users\JamesCody\Inverloch Marine\Inverloch Marine Management - Management\Website\Website Rebuild Considerations\New Website\Photos\Walk Around\745 Walk Around\745-walk-around-card.jpg,C:\Users\JamesCody\Inverloch Marine\Data - Documents\A SALES RELATED\EXTREME BOATS\Extreme Boat Photos\Extreme-745-WalkAround.jpg,C:\Users\JamesCody\Inverloch Marine\Inverloch Marine Management - Management\Website\Website Rebuild Considerations\Brand Photos\Extreme\Walk Around\745 Walk Around\745 Walk Around_001.jpg
Matched,Medium,8,C:\Users\JamesCody\Inverloch Marine\Inverloch Marine Management - Management\Website\Website Rebuild Considerations\New Website\Photos\Walk Around\745 Walk Around\745-walk-around-gallery-01.jpg,C:\Users\JamesCody\Inverloch Marine\Data - Documents\A SALES RELATED\EXTREME BOATS\Extreme Boat Photos\745 Walk Around\Extreme-745-WalkAround.jpg,C:\Users\JamesCody\Inverloch Marine\Inverloch Marine Management - Management\Website\Website Rebuild Considerations\Brand Photos\Extreme\Walk Around\745 Walk Around\745 Walk Around_002.jpg
Matched,Medium,8,C:\Users\JamesCody\Inverloch Marine\Inverloch Marine Management - Management\Website\Website Rebuild Considerations\New Website\Photos\Walk Around\745 Walk Around\745-walk-around-gallery-02.jpg,C:\Users\JamesCody\Inverloch Marine\Data - Documents\A SALES RELATED\EXTREME BOATS\Extreme Boat Photos\745 Walk Around_small\extremeboats-745-walk-around_7_0.jpg,C:\Users\JamesCody\Inverloch Marine\Inverloch Marine Management - Management\Website\Website Rebuild Considerations\Brand Photos\Extreme\Walk Around\745 Walk Around\745 Walk Around_003.jpg
Matched,Medium,8,C:\Users\JamesCody\Inverloch Marine\Inverloch Marine Management - Management\Website\Website Rebuild Considerations\New Website\Photos\Walk Around\745 Walk Around\745-walk-around-gallery-03.jpg,C:\Users\JamesCody\Inverloch Marine\Data - Documents\A SALES RELATED\EXTREME BOATS\Extreme Boat Photos\745 Walk Around_small\extremeboats-745-walk-around_8_0.jpg,C:\Users\JamesCody\Inverloch Marine\Inverloch Marine Management - Management\Website\Website Rebuild Considerations\Brand Photos\Extreme\Walk Around\745 Walk Around\745 Walk Around_004.jpg
Matched,Medium,10,C:\Users\JamesCody\Inverloch Marine\Inverloch Marine Management - Management\Website\Website Rebuild Considerations\New Website\Photos\Walk Around\745 Walk Around\745-walk-around-gallery-04.jpg,C:\Users\JamesCody\Inverloch Marine\Data - Documents\A SALES RELATED\EXTREME BOATS\Extreme Boat Photos\ExtremeBoats-745-WalkAround (2).jpg,C:\Users\JamesCody\Inverloch Marine\Inverloch Marine Management - Management\Website\Website Rebuild Considerations\Brand Photos\Extreme\Walk Around\745 Walk Around\745 Walk Around_005.jpg
Matched,High,4,C:\Users\JamesCody\Inverloch Marine\Inverloch Marine Management - Management\Website\Website Rebuild Considerations\New Website\Photos\Walk Around\745 Walk Around\745-walk-around-gallery-05.jpg,C:\Users\JamesCody\Inverloch Marine\Data - Documents\A SALES RELATED\EXTREME BOATS\Extreme Boat Photos\ExtremeBoats-745-WalkAround.jpg,C:\Users\JamesCody\Inverloch Marine\Inverloch Marine Management - Management\Website\Website Rebuild Considerations\Brand Photos\Extreme\Walk Around\745 Walk Around\745 Walk Around_006.jpg
Matched,High,6,C:\Users\JamesCody\Inverloch Marine\Inverloch Marine Management - Management\Website\Website Rebuild Considerations\New Website\Photos\Walk Around\745 Walk Around\745-walk-around-gallery-06.jpg,C:\Users\JamesCody\Inverloch Marine\Data - Documents\A SALES RELATED\EXTREME BOATS\Extreme Boat Photos\ExtremeBoats-795-WalkAround (2).jpg,C:\Users\JamesCody\Inverloch Marine\Inverloch Marine Management - Management\Website\Website Rebuild Considerations\Brand Photos\Extreme\Walk Around\745 Walk Around\745 Walk Around_007.jpg
Matched,High,6,C:\Users\JamesCody\Inverloch Marine\Inverloch Marine Management - Management\Website\Website Rebuild Considerations\New Website\Photos\Walk Around\745 Walk Around\745-walk-around-gallery-07.jpg,C:\Users\JamesCody\Inverloch Marine\Data - Documents\A SALES RELATED\EXTREME BOATS\Extreme Boat Photos\IMG_0721.jpg,C:\Users\JamesCody\Inverloch Marine\Inverloch Marine Management - Management\Website\Website Rebuild Considerations\Brand Photos\Extreme\Walk Around\745 Walk Around\745 Walk Around_008.jpg
Unmatched,No Match,14,C:\Users\JamesCody\Inverloch Marine\Inverloch Marine Management - Management\Website\Website Rebuild Considerations\New Website\Photos\Walk Around\745 Walk Around\745-walk-around-hero.jpg,,
Matched,High,4,C:\Users\JamesCody\Inverloch Marine\Inverloch Marine Management - Management\Website\Website Rebuild Considerations\New Website\Photos\Walk Around\795 Walk Around\795-walk-around-card.jpg,C:\Users\JamesCody\Inverloch Marine\Data - Documents\A SALES RELATED\EXTREME BOATS\Extreme Boat Photos\IMG_5294.jpg,C:\Users\JamesCody\Inverloch Marine\Inverloch Marine Management - Management\Website\Website Rebuild Considerations\Brand Photos\Extreme\Walk Around\795 Walk Around\795 Walk Around_001.jpg
Matched,Medium,8,C:\Users\JamesCody\Inverloch Marine\Inverloch Marine Management - Management\Website\Website Rebuild Considerations\New Website\Photos\Walk Around\795 Walk Around\795-walk-around-gallery-01.jpg,C:\Users\JamesCody\Inverloch Marine\Data - Documents\A SALES RELATED\EXTREME BOATS\Extreme Boat Photos\Extreme 795 Walk Around.jpg,C:\Users\JamesCody\Inverloch Marine\Inverloch Marine Management - Management\Website\Website Rebuild Considerations\Brand Photos\Extreme\Walk Around\795 Walk Around\795 Walk Around_002.jpg
Matched,High,6,C:\Users\JamesCody\Inverloch Marine\Inverloch Marine Management - Management\Website\Website Rebuild Considerations\New Website\Photos\Walk Around\795 Walk Around\795-walk-around-gallery-02.jpg,C:\Users\JamesCody\Inverloch Marine\Data - Documents\A SALES RELATED\EXTREME BOATS\Extreme Boat Photos\IMG_5570-2.jpg,C:\Users\JamesCody\Inverloch Marine\Inverloch Marine Management - Management\Website\Website Rebuild Considerations\Brand Photos\Extreme\Walk Around\795 Walk Around\795 Walk Around_003.jpg
Matched,Medium,10,C:\Users\JamesCody\Inverloch Marine\Inverloch Marine Management - Management\Website\Website Rebuild Considerations\New Website\Photos\Walk Around\795 Walk Around\795-walk-around-gallery-03.jpg,C:\Users\JamesCody\Inverloch Marine\Data - Documents\A SALES RELATED\a New stock boat pics\Extreme 795WA\FB_IMG_1711527784894.jpg,C:\Users\JamesCody\Inverloch Marine\Inverloch Marine Management - Management\Website\Website Rebuild Considerations\Brand Photos\Extreme\Walk Around\795 Walk Around\795 Walk Around_004.jpg
Matched,Medium,10,C:\Users\JamesCody\Inverloch Marine\Inverloch Marine Management - Management\Website\Website Rebuild Considerations\New Website\Photos\Walk Around\795 Walk Around\795-walk-around-gallery-04.jpg,C:\Users\JamesCody\Inverloch Marine\Data - Documents\A SALES RELATED\EXTREME BOATS\Extreme Boat Photos\IMG_9711.jpg,C:\Users\JamesCody\Inverloch Marine\Inverloch Marine Management - Management\Website\Website Rebuild Considerations\Brand Photos\Extreme\Walk Around\795 Walk Around\795 Walk Around_005.jpg
Matched,High,6,C:\Users\JamesCody\Inverloch Marine\Inverloch Marine Management - Management\Website\Website Rebuild Considerations\New Website\Photos\Walk Around\795 Walk Around\795-walk-around-gallery-05.jpg,C:\Users\JamesCody\Inverloch Marine\Data - Documents\A SALES RELATED\EXTREME BOATS\Extreme Boat Photos\IMG_9752-2.jpg,C:\Users\JamesCody\Inverloch Marine\Inverloch Marine Management - Management\Website\Website Rebuild Considerations\Brand Photos\Extreme\Walk Around\795 Walk Around\795 Walk Around_006.jpg
Unmatched,No Match,12,C:\Users\JamesCody\Inverloch Marine\Inverloch Marine Management - Management\Website\Website Rebuild Considerations\New Website\Photos\Walk Around\795 Walk Around\795-walk-around-gallery-06.jpg,,
Unmatched,No Match,14,C:\Users\JamesCody\Inverloch Marine\Inverloch Marine Management - Management\Website\Website Rebuild Considerations\New Website\Photos\Walk Around\795 Walk Around\795-walk-around-gallery-07.jpg,,
Matched,Medium,10,C:\Users\JamesCody\Inverloch Marine\Inverloch Marine Management - Management\Website\Website Rebuild Considerations\New Website\Photos\Walk Around\795 Walk Around\795-walk-around-gallery-08.jpg,C:\Users\JamesCody\Inverloch Marine\Data - Documents\A SALES RELATED\EXTREME BOATS\Extreme Boat Photos\IMG_9746.jpg,C:\Users\JamesCody\Inverloch Marine\Inverloch Marine Management - Management\Website\Website Rebuild Considerations\Brand Photos\Extreme\Walk Around\795 Walk Around\795 Walk Around_007.jpg
Unmatched,No Match,16,C:\Users\JamesCody\Inverloch Marine\Inverloch Marine Management - Management\Website\Website Rebuild Considerations\New Website\Photos\Walk Around\795 Walk Around\795-walk-around-gallery-09.jpg,,
Matched,Medium,10,C:\Users\JamesCody\Inverloch Marine\Inverloch Marine Management - Management\Website\Website Rebuild Considerations\New Website\Photos\Walk Around\795 Walk Around\795-walk-around-gallery-10.jpg,C:\Users\JamesCody\Inverloch Marine\Data - Documents\A SALES RELATED\EXTREME BOATS\Extreme Boat Photos\IMG_1885.jpg,C:\Users\JamesCody\Inverloch Marine\Inverloch Marine Management - Management\Website\Website Rebuild Considerations\Brand Photos\Extreme\Walk Around\795 Walk Around\795 Walk Around_008.jpg
Unmatched,No Match,18,C:\Users\JamesCody\Inverloch Marine\Inverloch Marine Management - Management\Website\Website Rebuild Considerations\New Website\Photos\Walk Around\795 Walk Around\795-walk-around-hero.jpg,,
Matched,High,6,C:\Users\JamesCody\Inverloch Marine\Inverloch Marine Management - Management\Website\Website Rebuild Considerations\New Website\Photos\Walk Around\915 Walk Around\915-walk-around-card.jpg,C:\Users\JamesCody\Inverloch Marine\Data - Documents\A SALES RELATED\EXTREME BOATS\Extreme Boat Photos\IMG_0139.jpg,C:\Users\JamesCody\Inverloch Marine\Inverloch Marine Management - Management\Website\Website Rebuild Considerations\Brand Photos\Extreme\Walk Around\915 Walk Around\915 Walk Around_001.jpg
Matched,High,2,C:\Users\JamesCody\Inverloch Marine\Inverloch Marine Management - Management\Website\Website Rebuild Considerations\New Website\Photos\Walk Around\915 Walk Around\915-walk-around-gallery-01.jpg,C:\Users\JamesCody\Inverloch Marine\Data - Documents\A SALES RELATED\EXTREME BOATS\Extreme Boat Photos\915 Walk Around\3_2\915 Walk Around_02.jpg,C:\Users\JamesCody\Inverloch Marine\Inverloch Marine Management - Management\Website\Website Rebuild Considerations\Brand Photos\Extreme\Walk Around\915 Walk Around\915 Walk Around_002.jpg
Matched,High,6,C:\Users\JamesCody\Inverloch Marine\Inverloch Marine Management - Management\Website\Website Rebuild Considerations\New Website\Photos\Walk Around\915 Walk Around\915-walk-around-gallery-02.jpg,C:\Users\JamesCody\Inverloch Marine\Data - Documents\A SALES RELATED\EXTREME BOATS\Extreme Boat Photos\IMG_2634.jpg,C:\Users\JamesCody\Inverloch Marine\Inverloch Marine Management - Management\Website\Website Rebuild Considerations\Brand Photos\Extreme\Walk Around\915 Walk Around\915 Walk Around_003.jpg
Matched,Medium,10,C:\Users\JamesCody\Inverloch Marine\Inverloch Marine Management - Management\Website\Website Rebuild Considerations\New Website\Photos\Walk Around\915 Walk Around\915-walk-around-gallery-03.jpg,C:\Users\JamesCody\Inverloch Marine\Data - Documents\A SALES RELATED\EXTREME BOATS\Extreme Boat Photos\915 Walk Around\3_2\915 Walk Around_08.jpg,C:\Users\JamesCody\Inverloch Marine\Inverloch Marine Management - Management\Website\Website Rebuild Considerations\Brand Photos\Extreme\Walk Around\915 Walk Around\915 Walk Around_004.jpg
Matched,Medium,8,C:\Users\JamesCody\Inverloch Marine\Inverloch Marine Management - Management\Website\Website Rebuild Considerations\New Website\Photos\Walk Around\915 Walk Around\915-walk-around-gallery-04.jpg,C:\Users\JamesCody\Inverloch Marine\Data - Documents\A SALES RELATED\EXTREME BOATS\Extreme Boat Photos\IMG_2559.jpg,C:\Users\JamesCody\Inverloch Marine\Inverloch Marine Management - Management\Website\Website Rebuild Considerations\Brand Photos\Extreme\Walk Around\915 Walk Around\915 Walk Around_005.jpg
Unmatched,No Match,16,C:\Users\JamesCody\Inverloch Marine\Inverloch Marine Management - Management\Website\Website Rebuild Considerations\New Website\Photos\Walk Around\915 Walk Around\915-walk-around-gallery-05.jpg,,
Matched,Medium,8,C:\Users\JamesCody\Inverloch Marine\Inverloch Marine Management - Management\Website\Website Rebuild Considerations\New Website\Photos\Walk Around\915 Walk Around\915-walk-around-gallery-06.jpg,C:\Users\JamesCody\Inverloch Marine\Data - Documents\A SALES RELATED\EXTREME BOATS\Extreme Boat Photos\915 Walk Around\High Def\915 Walk Around_16.jpg,C:\Users\JamesCody\Inverloch Marine\Inverloch Marine Management - Management\Website\Website Rebuild Considerations\Brand Photos\Extreme\Walk Around\915 Walk Around\915 Walk Around_006.jpg
Matched,Medium,8,C:\Users\JamesCody\Inverloch Marine\Inverloch Marine Management - Management\Website\Website Rebuild Considerations\New Website\Photos\Walk Around\915 Walk Around\915-walk-around-gallery-07.jpg,C:\Users\JamesCody\Inverloch Marine\Data - Documents\A SALES RELATED\EXTREME BOATS\Extreme Boat Photos\915 Walk Around\16_9\915 Walk Around_01.jpg,C:\Users\JamesCody\Inverloch Marine\Inverloch Marine Management - Management\Website\Website Rebuild Considerations\Brand Photos\Extreme\Walk Around\915 Walk Around\915 Walk Around_007.jpg
Matched,Medium,10,C:\Users\JamesCody\Inverloch Marine\Inverloch Marine Management - Management\Website\Website Rebuild Considerations\New Website\Photos\Walk Around\915 Walk Around\915-walk-around-hero.jpg,C:\Users\JamesCody\Inverloch Marine\Data - Documents\A SALES RELATED\EXTREME BOATS\Extreme Boat Photos\915 Walk Around\3_2\915 Walk Around_06.jpg,C:\Users\JamesCody\Inverloch Marine\Inverloch Marine Management - Management\Website\Website Rebuild Considerations\Brand Photos\Extreme\Walk Around\915 Walk Around\915 Walk Around_008.jpg
Matched,Medium,8,C:\Users\JamesCody\Inverloch Marine\Inverloch Marine Management - Management\Website\Website Rebuild Considerations\New Website\Photos\Sport Fisher\545 Sport Fisher\545-sport-fisher-card.jpg,C:\Users\JamesCody\Inverloch Marine\Data - Documents\A SALES RELATED\EXTREME BOATS\Extreme Boat Photos\545 Sport Fisher\3_2\545 Sport Fisher_09.jpg,C:\Users\JamesCody\Inverloch Marine\Inverloch Marine Management - Management\Website\Website Rebuild Considerations\Brand Photos\Extreme\Sport Fisher\545 Sport Fisher\545 Sport Fisher_001.jpg
Matched,Medium,8,C:\Users\JamesCody\Inverloch Marine\Inverloch Marine Management - Management\Website\Website Rebuild Considerations\New Website\Photos\Sport Fisher\545 Sport Fisher\545-sport-fisher-gallery-01.jpg,C:\Users\JamesCody\Inverloch Marine\Data - Documents\A SALES RELATED\EXTREME BOATS\Extreme Boat Photos\545 Sport Fisher\3_2\545 Sport Fisher_14.jpg,C:\Users\JamesCody\Inverloch Marine\Inverloch Marine Management - Management\Website\Website Rebuild Considerations\Brand Photos\Extreme\Sport Fisher\545 Sport Fisher\545 Sport Fisher_002.jpg
Unmatched,No Match,14,C:\Users\JamesCody\Inverloch Marine\Inverloch Marine Management - Management\Website\Website Rebuild Considerations\New Website\Photos\Sport Fisher\545 Sport Fisher\545-sport-fisher-gallery-02.jpg,,
Matched,High,4,C:\Users\JamesCody\Inverloch Marine\Inverloch Marine Management - Management\Website\Website Rebuild Considerations\New Website\Photos\Sport Fisher\545 Sport Fisher\545-sport-fisher-gallery-03.jpg,C:\Users\JamesCody\Inverloch Marine\Data - Documents\A SALES RELATED\EXTREME BOATS\Extreme Boat Photos\545 Sport Fisher\3_2\545 Sport Fisher_15.jpg,C:\Users\JamesCody\Inverloch Marine\Inverloch Marine Management - Management\Website\Website Rebuild Considerations\Brand Photos\Extreme\Sport Fisher\545 Sport Fisher\545 Sport Fisher_003.jpg
Matched,High,2,C:\Users\JamesCody\Inverloch Marine\Inverloch Marine Management - Management\Website\Website Rebuild Considerations\New Website\Photos\Sport Fisher\545 Sport Fisher\545-sport-fisher-gallery-04.jpg,C:\Users\JamesCody\Inverloch Marine\Data - Documents\A SALES RELATED\EXTREME BOATS\Extreme Boat Photos\545 Sport Fisher\3_2\545 Sport Fisher_12.jpg,C:\Users\JamesCody\Inverloch Marine\Inverloch Marine Management - Management\Website\Website Rebuild Considerations\Brand Photos\Extreme\Sport Fisher\545 Sport Fisher\545 Sport Fisher_004.jpg
Unmatched,No Match,18,C:\Users\JamesCody\Inverloch Marine\Inverloch Marine Management - Management\Website\Website Rebuild Considerations\New Website\Photos\Sport Fisher\545 Sport Fisher\545-sport-fisher-gallery-05.jpg,,
Unmatched,No Match,16,C:\Users\JamesCody\Inverloch Marine\Inverloch Marine Management - Management\Website\Website Rebuild Considerations\New Website\Photos\Sport Fisher\545 Sport Fisher\545-sport-fisher-gallery-06.jpg,,
Unmatched,No Match,18,C:\Users\JamesCody\Inverloch Marine\Inverloch Marine Management - Management\Website\Website Rebuild Considerations\New Website\Photos\Sport Fisher\545 Sport Fisher\545-sport-fisher-gallery-07.jpg,,
Matched,Medium,10,C:\Users\JamesCody\Inverloch Marine\Inverloch Marine Management - Management\Website\Website Rebuild Considerations\New Website\Photos\Sport Fisher\545 Sport Fisher\545-sport-fisher-gallery-08.jpg,C:\Users\JamesCody\Inverloch Marine\Data - Documents\A SALES RELATED\EXTREME BOATS\Extreme Boat Photos\545 Sport Fisher\3_2\545 Sport Fisher_10.jpg,C:\Users\JamesCody\Inverloch Marine\Inverloch Marine Management - Management\Website\Website Rebuild Considerations\Brand Photos\Extreme\Sport Fisher\545 Sport Fisher\545 Sport Fisher_005.jpg
Unmatched,No Match,16,C:\Users\JamesCody\Inverloch Marine\Inverloch Marine Management - Management\Website\Website Rebuild Considerations\New Website\Photos\Sport Fisher\545 Sport Fisher\545-sport-fisher-hero.jpg,,
Unmatched,No Match,16,C:\Users\JamesCody\Inverloch Marine\Inverloch Marine Management - Management\Website\Website Rebuild Considerations\New Website\Photos\Sport Fisher\605 Sport Fisher\605-sport-fisher-card.jpg,,
Unmatched,No Match,16,C:\Users\JamesCody\Inverloch Marine\Inverloch Marine Management - Management\Website\Website Rebuild Considerations\New Website\Photos\Sport Fisher\605 Sport Fisher\605-sport-fisher-gallery-01.jpg,,
Unmatched,No Match,18,C:\Users\JamesCody\Inverloch Marine\Inverloch Marine Management - Management\Website\Website Rebuild Considerations\New Website\Photos\Sport Fisher\605 Sport Fisher\605-sport-fisher-gallery-02.jpg,,
Matched,Medium,10,C:\Users\JamesCody\Inverloch Marine\Inverloch Marine Management - Management\Website\Website Rebuild Considerations\New Website\Photos\Sport Fisher\605 Sport Fisher\605-sport-fisher-gallery-03.jpg,C:\Users\JamesCody\Inverloch Marine\Data - Documents\A SALES RELATED\EXTREME BOATS\Extreme Boat Photos\605 Sport Fisher\IMG_3801.jpg,C:\Users\JamesCody\Inverloch Marine\Inverloch Marine Management - Management\Website\Website Rebuild Considerations\Brand Photos\Extreme\Sport Fisher\605 Sport Fisher\605 Sport Fisher_001.jpg
Matched,Medium,8,C:\Users\JamesCody\Inverloch Marine\Inverloch Marine Management - Management\Website\Website Rebuild Considerations\New Website\Photos\Sport Fisher\605 Sport Fisher\605-sport-fisher-gallery-04.jpg,C:\Users\JamesCody\Inverloch Marine\Data - Documents\A SALES RELATED\EXTREME BOATS\Extreme Boat Photos\605 Sport Fisher\IMG_3760 (1).jpg,C:\Users\JamesCody\Inverloch Marine\Inverloch Marine Management - Management\Website\Website Rebuild Considerations\Brand Photos\Extreme\Sport Fisher\605 Sport Fisher\605 Sport Fisher_002.jpg
Unmatched,No Match,14,C:\Users\JamesCody\Inverloch Marine\Inverloch Marine Management - Management\Website\Website Rebuild Considerations\New Website\Photos\Sport Fisher\605 Sport Fisher\605-sport-fisher-gallery-05.jpg,,
Unmatched,No Match,16,C:\Users\JamesCody\Inverloch Marine\Inverloch Marine Management - Management\Website\Website Rebuild Considerations\New Website\Photos\Sport Fisher\605 Sport Fisher\605-sport-fisher-gallery-06.jpg,,
Matched,Medium,8,C:\Users\JamesCody\Inverloch Marine\Inverloch Marine Management - Management\Website\Website Rebuild Considerations\New Website\Photos\Sport Fisher\605 Sport Fisher\605-sport-fisher-gallery-07.jpg,C:\Users\JamesCody\Inverloch Marine\Data - Documents\A SALES RELATED\EXTREME BOATS\Extreme Boat Photos\605 Sport Fisher\IMG_3796.jpg,C:\Users\JamesCody\Inverloch Marine\Inverloch Marine Management - Management\Website\Website Rebuild Considerations\Brand Photos\Extreme\Sport Fisher\605 Sport Fisher\605 Sport Fisher_003.jpg
Unmatched,No Match,14,C:\Users\JamesCody\Inverloch Marine\Inverloch Marine Management - Management\Website\Website Rebuild Considerations\New Website\Photos\Sport Fisher\605 Sport Fisher\605-sport-fisher-hero.jpg,,
Unmatched,No Match,12,C:\Users\JamesCody\Inverloch Marine\Inverloch Marine Management - Management\Website\Website Rebuild Considerations\New Website\Photos\Sport Fisher\645 Sport Fisher\645-sport-fisher-card.jpg,,
Unmatched,No Match,16,C:\Users\JamesCody\Inverloch Marine\Inverloch Marine Management - Management\Website\Website Rebuild Considerations\New Website\Photos\Sport Fisher\645 Sport Fisher\645-sport-fisher-gallery-01.jpg,,
Unmatched,No Match,18,C:\Users\JamesCody\Inverloch Marine\Inverloch Marine Management - Management\Website\Website Rebuild Considerations\New Website\Photos\Sport Fisher\645 Sport Fisher\645-sport-fisher-gallery-02.jpg,,
Unmatched,No Match,16,C:\Users\JamesCody\Inverloch Marine\Inverloch Marine Management - Management\Website\Website Rebuild Considerations\New Website\Photos\Sport Fisher\645 Sport Fisher\645-sport-fisher-gallery-03.jpg,,
Matched,Medium,10,C:\Users\JamesCody\Inverloch Marine\Inverloch Marine Management - Management\Website\Website Rebuild Considerations\New Website\Photos\Sport Fisher\645 Sport Fisher\645-sport-fisher-gallery-04.jpg,C:\Users\JamesCody\Inverloch Marine\Data - Documents\A SALES RELATED\EXTREME BOATS\Extreme Boat Photos\645 Sport Fisher\IMG_9565.jpg,C:\Users\JamesCody\Inverloch Marine\Inverloch Marine Management - Management\Website\Website Rebuild Considerations\Brand Photos\Extreme\Sport Fisher\645 Sport Fisher\645 Sport Fisher_001.jpg
Unmatched,No Match,14,C:\Users\JamesCody\Inverloch Marine\Inverloch Marine Management - Management\Website\Website Rebuild Considerations\New Website\Photos\Sport Fisher\645 Sport Fisher\645-sport-fisher-hero.jpg,,
Unmatched,No Match,16,C:\Users\JamesCody\Inverloch Marine\Inverloch Marine Management - Management\Website\Website Rebuild Considerations\New Website\Photos\Game King\560 Game King\560-game-king-card.jpg,,
Matched,Medium,10,C:\Users\JamesCody\Inverloch Marine\Inverloch Marine Management - Management\Website\Website Rebuild Considerations\New Website\Photos\Game King\560 Game King\560-game-king-gallery-01.jpg,C:\Users\JamesCody\Inverloch Marine\Data - Documents\A SALES RELATED\a New stock boat pics\MY25 Extreme 560gk\NZ Pics\IMG_1405.jpg,C:\Users\JamesCody\Inverloch Marine\Inverloch Marine Management - Management\Website\Website Rebuild Considerations\Brand Photos\Extreme\Game King\560 Game King\560 Game King_001.jpg
Matched,High,4,C:\Users\JamesCody\Inverloch Marine\Inverloch Marine Management - Management\Website\Website Rebuild Considerations\New Website\Photos\Game King\560 Game King\560-game-king-gallery-02.jpg,C:\Users\JamesCody\Inverloch Marine\Data - Documents\A SALES RELATED\a New stock boat pics\MY25 Extreme 560gk\NZ Pics\IMG_1431.jpg,C:\Users\JamesCody\Inverloch Marine\Inverloch Marine Management - Management\Website\Website Rebuild Considerations\Brand Photos\Extreme\Game King\560 Game King\560 Game King_002.jpg
Matched,High,6,C:\Users\JamesCody\Inverloch Marine\Inverloch Marine Management - Management\Website\Website Rebuild Considerations\New Website\Photos\Game King\560 Game King\560-game-king-gallery-03.jpg,C:\Users\JamesCody\Inverloch Marine\Data - Documents\A SALES RELATED\EXTREME BOATS\Extreme Boat Photos\560 Game King\IMG_9388.jpg,C:\Users\JamesCody\Inverloch Marine\Inverloch Marine Management - Management\Website\Website Rebuild Considerations\Brand Photos\Extreme\Game King\560 Game King\560 Game King_003.jpg
Unmatched,No Match,14,C:\Users\JamesCody\Inverloch Marine\Inverloch Marine Management - Management\Website\Website Rebuild Considerations\New Website\Photos\Game King\560 Game King\560-game-king-gallery-04.jpg,,
Unmatched,No Match,14,C:\Users\JamesCody\Inverloch Marine\Inverloch Marine Management - Management\Website\Website Rebuild Considerations\New Website\Photos\Game King\560 Game King\560-game-king-gallery-05.jpg,,
Unmatched,No Match,12,C:\Users\JamesCody\Inverloch Marine\Inverloch Marine Management - Management\Website\Website Rebuild Considerations\New Website\Photos\Game King\560 Game King\560-game-king-gallery-06.jpg,,
Matched,Medium,8,C:\Users\JamesCody\Inverloch Marine\Inverloch Marine Management - Management\Website\Website Rebuild Considerations\New Website\Photos\Game King\560 Game King\560-game-king-gallery-07.jpg,C:\Users\JamesCody\Inverloch Marine\Data - Documents\A SALES RELATED\a New stock boat pics\MY25 Extreme 560gk\NZ Pics\IMG_9573.jpg,C:\Users\JamesCody\Inverloch Marine\Inverloch Marine Management - Management\Website\Website Rebuild Considerations\Brand Photos\Extreme\Game King\560 Game King\560 Game King_004.jpg
Unmatched,No Match,16,C:\Users\JamesCody\Inverloch Marine\Inverloch Marine Management - Management\Website\Website Rebuild Considerations\New Website\Photos\Game King\560 Game King\560-game-king-hero.jpg,,
Matched,Medium,10,C:\Users\JamesCody\Inverloch Marine\Inverloch Marine Management - Management\Website\Website Rebuild Considerations\New Website\Photos\Game King\616 Game King\616-game-king-card.jpg,C:\Users\JamesCody\Inverloch Marine\Data - Documents\A SALES RELATED\EXTREME BOATS\Extreme Boat Photos\616 Game King\IMG_0844-2.jpg,C:\Users\JamesCody\Inverloch Marine\Inverloch Marine Management - Management\Website\Website Rebuild Considerations\Brand Photos\Extreme\Game King\616 Game King\616 Game King_001.jpg
Matched,High,4,C:\Users\JamesCody\Inverloch Marine\Inverloch Marine Management - Management\Website\Website Rebuild Considerations\New Website\Photos\Game King\616 Game King\616-game-king-gallery-01.jpg,C:\Users\JamesCody\Inverloch Marine\Data - Documents\A SALES RELATED\EXTREME BOATS\Extreme Boat Photos\616 Game King\IMG_0778.jpg,C:\Users\JamesCody\Inverloch Marine\Inverloch Marine Management - Management\Website\Website Rebuild Considerations\Brand Photos\Extreme\Game King\616 Game King\616 Game King_002.jpg
Unmatched,No Match,14,C:\Users\JamesCody\Inverloch Marine\Inverloch Marine Management - Management\Website\Website Rebuild Considerations\New Website\Photos\Game King\616 Game King\616-game-king-gallery-02.jpg,,
Unmatched,No Match,12,C:\Users\JamesCody\Inverloch Marine\Inverloch Marine Management - Management\Website\Website Rebuild Considerations\New Website\Photos\Game King\616 Game King\616-game-king-gallery-03.jpg,,
Unmatched,No Match,16,C:\Users\JamesCody\Inverloch Marine\Inverloch Marine Management - Management\Website\Website Rebuild Considerations\New Website\Photos\Game King\616 Game King\616-game-king-gallery-04.jpg,,
Unmatched,No Match,12,C:\Users\JamesCody\Inverloch Marine\Inverloch Marine Management - Management\Website\Website Rebuild Considerations\New Website\Photos\Game King\616 Game King\616-game-king-gallery-05.jpg,,
Unmatched,No Match,12,C:\Users\JamesCody\Inverloch Marine\Inverloch Marine Management - Management\Website\Website Rebuild Considerations\New Website\Photos\Game King\616 Game King\616-game-king-gallery-06.jpg,,
Unmatched,No Match,14,C:\Users\JamesCody\Inverloch Marine\Inverloch Marine Management - Management\Website\Website Rebuild Considerations\New Website\Photos\Game King\616 Game King\616-game-king-gallery-07.jpg,,
Unmatched,No Match,14,C:\Users\JamesCody\Inverloch Marine\Inverloch Marine Management - Management\Website\Website Rebuild Considerations\New Website\Photos\Game King\616 Game King\616-game-king-hero.jpg,,
Matched,Medium,10,C:\Users\JamesCody\Inverloch Marine\Inverloch Marine Management - Management\Website\Website Rebuild Considerations\New Website\Photos\Game King\646 Game King\646-game-king-card.jpg,C:\Users\JamesCody\Inverloch Marine\Data - Documents\A SALES RELATED\EXTREME BOATS\Extreme Boat Photos\Extreme-646-Game King.jpg,C:\Users\JamesCody\Inverloch Marine\Inverloch Marine Management - Management\Website\Website Rebuild Considerations\Brand Photos\Extreme\Game King\646 Game King\646 Game King_001.jpg
Matched,Medium,8,C:\Users\JamesCody\Inverloch Marine\Inverloch Marine Management - Management\Website\Website Rebuild Considerations\New Website\Photos\Game King\646 Game King\646-game-king-gallery-01.jpg,C:\Users\JamesCody\Inverloch Marine\Data - Documents\A SALES RELATED\EXTREME BOATS\Extreme Boat Photos\IMG_8779.jpg,C:\Users\JamesCody\Inverloch Marine\Inverloch Marine Management - Management\Website\Website Rebuild Considerations\Brand Photos\Extreme\Game King\646 Game King\646 Game King_002.jpg
Unmatched,No Match,12,C:\Users\JamesCody\Inverloch Marine\Inverloch Marine Management - Management\Website\Website Rebuild Considerations\New Website\Photos\Game King\646 Game King\646-game-king-gallery-02.jpg,,
Matched,High,6,C:\Users\JamesCody\Inverloch Marine\Inverloch Marine Management - Management\Website\Website Rebuild Considerations\New Website\Photos\Game King\646 Game King\646-game-king-gallery-03.jpg,C:\Users\JamesCody\Inverloch Marine\Data - Documents\A SALES RELATED\EXTREME BOATS\Extreme Boat Photos\IMG_8800.jpg,C:\Users\JamesCody\Inverloch Marine\Inverloch Marine Management - Management\Website\Website Rebuild Considerations\Brand Photos\Extreme\Game King\646 Game King\646 Game King_003.jpg
Unmatched,No Match,16,C:\Users\JamesCody\Inverloch Marine\Inverloch Marine Management - Management\Website\Website Rebuild Considerations\New Website\Photos\Game King\646 Game King\646-game-king-gallery-04.jpg,,
Unmatched,No Match,12,C:\Users\JamesCody\Inverloch Marine\Inverloch Marine Management - Management\Website\Website Rebuild Considerations\New Website\Photos\Game King\646 Game King\646-game-king-gallery-05.jpg,,
Unmatched,No Match,14,C:\Users\JamesCody\Inverloch Marine\Inverloch Marine Management - Management\Website\Website Rebuild Considerations\New Website\Photos\Game King\646 Game King\646-game-king-gallery-06.jpg,,
Unmatched,No Match,16,C:\Users\JamesCody\Inverloch Marine\Inverloch Marine Management - Management\Website\Website Rebuild Considerations\New Website\Photos\Game King\646 Game King\646-game-king-gallery-07.jpg,,
Matched,Medium,10,C:\Users\JamesCody\Inverloch Marine\Inverloch Marine Management - Management\Website\Website Rebuild Considerations\New Website\Photos\Game King\646 Game King\646-game-king-hero.jpg,C:\Users\JamesCody\Inverloch Marine\Data - Documents\A SALES RELATED\EXTREME BOATS\Extreme Boat Photos\IMG_8912.jpg,C:\Users\JamesCody\Inverloch Marine\Inverloch Marine Management - Management\Website\Website Rebuild Considerations\Brand Photos\Extreme\Game King\646 Game King\646 Game King_004.jpg
Unmatched,No Match,16,C:\Users\JamesCody\Inverloch Marine\Inverloch Marine Management - Management\Website\Website Rebuild Considerations\New Website\Photos\Game King\696 Game King\696-game-king-card.jpg,,
Unmatched,No Match,16,C:\Users\JamesCody\Inverloch Marine\Inverloch Marine Management - Management\Website\Website Rebuild Considerations\New Website\Photos\Game King\696 Game King\696-game-king-gallery-01.jpg,,
Unmatched,No Match,16,C:\Users\JamesCody\Inverloch Marine\Inverloch Marine Management - Management\Website\Website Rebuild Considerations\New Website\Photos\Game King\696 Game King\696-game-king-gallery-02.jpg,,
Unmatched,No Match,16,C:\Users\JamesCody\Inverloch Marine\Inverloch Marine Management - Management\Website\Website Rebuild Considerations\New Website\Photos\Game King\696 Game King\696-game-king-gallery-03.jpg,,
Unmatched,No Match,18,C:\Users\JamesCody\Inverloch Marine\Inverloch Marine Management - Management\Website\Website Rebuild Considerations\New Website\Photos\Game King\696 Game King\696-game-king-gallery-04.jpg,,
Unmatched,No Match,12,C:\Users\JamesCody\Inverloch Marine\Inverloch Marine Management - Management\Website\Website Rebuild Considerations\New Website\Photos\Game King\696 Game King\696-game-king-gallery-05.jpg,,
Unmatched,No Match,16,C:\Users\JamesCody\Inverloch Marine\Inverloch Marine Management - Management\Website\Website Rebuild Considerations\New Website\Photos\Game King\696 Game King\696-game-king-gallery-06.jpg,,
Unmatched,No Match,18,C:\Users\JamesCody\Inverloch Marine\Inverloch Marine Management - Management\Website\Website Rebuild Considerations\New Website\Photos\Game King\696 Game King\696-game-king-gallery-07.jpg,,
Unmatched,No Match,14,C:\Users\JamesCody\Inverloch Marine\Inverloch Marine Management - Management\Website\Website Rebuild Considerations\New Website\Photos\Game King\696 Game King\696-game-king-gallery-08.jpg,,
Unmatched,No Match,16,C:\Users\JamesCody\Inverloch Marine\Inverloch Marine Management - Management\Website\Website Rebuild Considerations\New Website\Photos\Game King\696 Game King\696-game-king-hero.jpg,,
Matched,Medium,8,C:\Users\JamesCody\Inverloch Marine\Inverloch Marine Management - Management\Website\Website Rebuild Considerations\New Website\Photos\Game King\746 Game King\746-game-king-card.jpg,C:\Users\JamesCody\Inverloch Marine\Data - Documents\A SALES RELATED\a New stock boat pics\MY26 Extreme 746 Game King\3_2\MY26 Extreme 746 Game King_15.jpg,C:\Users\JamesCody\Inverloch Marine\Inverloch Marine Management - Management\Website\Website Rebuild Considerations\Brand Photos\Extreme\Game King\746 Game King\746 Game King_001.jpg
Unmatched,No Match,12,C:\Users\JamesCody\Inverloch Marine\Inverloch Marine Management - Management\Website\Website Rebuild Considerations\New Website\Photos\Game King\746 Game King\746-game-king-gallery-01.jpg,,
Matched,Medium,10,C:\Users\JamesCody\Inverloch Marine\Inverloch Marine Management - Management\Website\Website Rebuild Considerations\New Website\Photos\Game King\746 Game King\746-game-king-gallery-02.jpg,C:\Users\JamesCody\Inverloch Marine\Data - Documents\A SALES RELATED\a New stock boat pics\MY26 Extreme 746 Game King\3_2\MY26 Extreme 746 Game King_9.jpg,C:\Users\JamesCody\Inverloch Marine\Inverloch Marine Management - Management\Website\Website Rebuild Considerations\Brand Photos\Extreme\Game King\746 Game King\746 Game King_002.jpg
Matched,Medium,8,C:\Users\JamesCody\Inverloch Marine\Inverloch Marine Management - Management\Website\Website Rebuild Considerations\New Website\Photos\Game King\746 Game King\746-game-king-gallery-03.jpg,C:\Users\JamesCody\Inverloch Marine\Data - Documents\A SALES RELATED\a New stock boat pics\MY26 Extreme 746 Game King\3_2\MY26 Extreme 746 Game King_38.jpg,C:\Users\JamesCody\Inverloch Marine\Inverloch Marine Management - Management\Website\Website Rebuild Considerations\Brand Photos\Extreme\Game King\746 Game King\746 Game King_003.jpg
Unmatched,No Match,16,C:\Users\JamesCody\Inverloch Marine\Inverloch Marine Management - Management\Website\Website Rebuild Considerations\New Website\Photos\Game King\746 Game King\746-game-king-gallery-04.jpg,,
Unmatched,No Match,14,C:\Users\JamesCody\Inverloch Marine\Inverloch Marine Management - Management\Website\Website Rebuild Considerations\New Website\Photos\Game King\746 Game King\746-game-king-gallery-05.jpg,,
Unmatched,No Match,14,C:\Users\JamesCody\Inverloch Marine\Inverloch Marine Management - Management\Website\Website Rebuild Considerations\New Website\Photos\Game King\746 Game King\746-game-king-gallery-06.jpg,,
Unmatched,No Match,12,C:\Users\JamesCody\Inverloch Marine\Inverloch Marine Management - Management\Website\Website Rebuild Considerations\New Website\Photos\Game King\746 Game King\746-game-king-gallery-07.jpg,,
Unmatched,No Match,16,C:\Users\JamesCody\Inverloch Marine\Inverloch Marine Management - Management\Website\Website Rebuild Considerations\New Website\Photos\Game King\746 Game King\746-game-king-gallery-08.jpg,,
Unmatched,No Match,16,C:\Users\JamesCody\Inverloch Marine\Inverloch Marine Management - Management\Website\Website Rebuild Considerations\New Website\Photos\Game King\746 Game King\746-game-king-hero.jpg,,
Matched,High,6,C:\Users\JamesCody\Inverloch Marine\Inverloch Marine Management - Management\Website\Website Rebuild Considerations\New Website\Photos\Game King\795 Game King\795-game-king-card.jpg,C:\Users\JamesCody\Inverloch Marine\Data - Documents\A SALES RELATED\EXTREME BOATS\Extreme Boat Photos\795 Game King\3_2\795 Game King_05.jpg,C:\Users\JamesCody\Inverloch Marine\Inverloch Marine Management - Management\Website\Website Rebuild Considerations\Brand Photos\Extreme\Game King\795 Game King\795 Game King_001.jpg
Unmatched,No Match,14,C:\Users\JamesCody\Inverloch Marine\Inverloch Marine Management - Management\Website\Website Rebuild Considerations\New Website\Photos\Game King\795 Game King\795-game-king-gallery-01.jpg,,
Matched,High,6,C:\Users\JamesCody\Inverloch Marine\Inverloch Marine Management - Management\Website\Website Rebuild Considerations\New Website\Photos\Game King\795 Game King\795-game-king-gallery-02.jpg,C:\Users\JamesCody\Inverloch Marine\Data - Documents\A SALES RELATED\EXTREME BOATS\Extreme Boat Photos\795 Game King\3_2\795 Game King_17.jpg,C:\Users\JamesCody\Inverloch Marine\Inverloch Marine Management - Management\Website\Website Rebuild Considerations\Brand Photos\Extreme\Game King\795 Game King\795 Game King_002.jpg
Unmatched,No Match,14,C:\Users\JamesCody\Inverloch Marine\Inverloch Marine Management - Management\Website\Website Rebuild Considerations\New Website\Photos\Game King\795 Game King\795-game-king-gallery-03.jpg,,
Unmatched,No Match,16,C:\Users\JamesCody\Inverloch Marine\Inverloch Marine Management - Management\Website\Website Rebuild Considerations\New Website\Photos\Game King\795 Game King\795-game-king-gallery-04.jpg,,
Matched,Medium,10,C:\Users\JamesCody\Inverloch Marine\Inverloch Marine Management - Management\Website\Website Rebuild Considerations\New Website\Photos\Game King\795 Game King\795-game-king-gallery-05.jpg,C:\Users\JamesCody\Inverloch Marine\Data - Documents\A SALES RELATED\EXTREME BOATS\Extreme Boat Photos\795 Game King\3_2\795 Game King_16.jpg,C:\Users\JamesCody\Inverloch Marine\Inverloch Marine Management - Management\Website\Website Rebuild Considerations\Brand Photos\Extreme\Game King\795 Game King\795 Game King_003.jpg
Unmatched,No Match,14,C:\Users\JamesCody\Inverloch Marine\Inverloch Marine Management - Management\Website\Website Rebuild Considerations\New Website\Photos\Game King\795 Game King\795-game-king-gallery-06.jpg,,
Matched,High,6,C:\Users\JamesCody\Inverloch Marine\Inverloch Marine Management - Management\Website\Website Rebuild Considerations\New Website\Photos\Game King\795 Game King\795-game-king-gallery-07.jpg,C:\Users\JamesCody\Inverloch Marine\Data - Documents\A SALES RELATED\EXTREME BOATS\Extreme Boat Photos\795 Game King\3_2\795 Game King_20.jpg,C:\Users\JamesCody\Inverloch Marine\Inverloch Marine Management - Management\Website\Website Rebuild Considerations\Brand Photos\Extreme\Game King\795 Game King\795 Game King_004.jpg
Matched,High,6,C:\Users\JamesCody\Inverloch Marine\Inverloch Marine Management - Management\Website\Website Rebuild Considerations\New Website\Photos\Game King\795 Game King\795-game-king-gallery-08.jpg,C:\Users\JamesCody\Inverloch Marine\Data - Documents\A SALES RELATED\EXTREME BOATS\Extreme Boat Photos\795 Game King\3_2\795 Game King_19.jpg,C:\Users\JamesCody\Inverloch Marine\Inverloch Marine Management - Management\Website\Website Rebuild Considerations\Brand Photos\Extreme\Game King\795 Game King\795 Game King_005.jpg
Unmatched,No Match,16,C:\Users\JamesCody\Inverloch Marine\Inverloch Marine Management - Management\Website\Website Rebuild Considerations\New Website\Photos\Game King\795 Game King\795-game-king-hero.jpg,,
Matched,High,4,C:\Users\JamesCody\Inverloch Marine\Inverloch Marine Management - Management\Website\Website Rebuild Considerations\New Website\Photos\Game King\886 Game King\886-game-king-card.jpg,C:\Users\JamesCody\Inverloch Marine\Data - Documents\A SALES RELATED\a New stock boat pics\Farnleys 886gk F450\3_2\IMG_1327.jpg,C:\Users\JamesCody\Inverloch Marine\Inverloch Marine Management - Management\Website\Website Rebuild Considerations\Brand Photos\Extreme\Game King\886 Game King\886 Game King_001.jpg
Unmatched,No Match,16,C:\Users\JamesCody\Inverloch Marine\Inverloch Marine Management - Management\Website\Website Rebuild Considerations\New Website\Photos\Game King\886 Game King\886-game-king-gallery-01.jpg,,
Unmatched,No Match,14,C:\Users\JamesCody\Inverloch Marine\Inverloch Marine Management - Management\Website\Website Rebuild Considerations\New Website\Photos\Game King\886 Game King\886-game-king-gallery-02.jpg,,
Matched,Medium,8,C:\Users\JamesCody\Inverloch Marine\Inverloch Marine Management - Management\Website\Website Rebuild Considerations\New Website\Photos\Game King\886 Game King\886-game-king-gallery-03.jpg,C:\Users\JamesCody\Inverloch Marine\Data - Documents\A SALES RELATED\a New stock boat pics\Farnleys 886gk F450\3_2\IMG_1270.jpg,C:\Users\JamesCody\Inverloch Marine\Inverloch Marine Management - Management\Website\Website Rebuild Considerations\Brand Photos\Extreme\Game King\886 Game King\886 Game King_002.jpg
Unmatched,No Match,16,C:\Users\JamesCody\Inverloch Marine\Inverloch Marine Management - Management\Website\Website Rebuild Considerations\New Website\Photos\Game King\886 Game King\886-game-king-gallery-04.jpg,,
Unmatched,No Match,14,C:\Users\JamesCody\Inverloch Marine\Inverloch Marine Management - Management\Website\Website Rebuild Considerations\New Website\Photos\Game King\886 Game King\886-game-king-gallery-05.jpg,,
Unmatched,No Match,14,C:\Users\JamesCody\Inverloch Marine\Inverloch Marine Management - Management\Website\Website Rebuild Considerations\New Website\Photos\Game King\886 Game King\886-game-king-gallery-06.jpg,,
Unmatched,No Match,18,C:\Users\JamesCody\Inverloch Marine\Inverloch Marine Management - Management\Website\Website Rebuild Considerations\New Website\Photos\Game King\886 Game King\886-game-king-gallery-07.jpg,,
Unmatched,No Match,16,C:\Users\JamesCody\Inverloch Marine\Inverloch Marine Management - Management\Website\Website Rebuild Considerations\New Website\Photos\Game King\886 Game King\886-game-king-gallery-08.jpg,,
Unmatched,No Match,14,C:\Users\JamesCody\Inverloch Marine\Inverloch Marine Management - Management\Website\Website Rebuild Considerations\New Website\Photos\Game King\886 Game King\886-game-king-hero.jpg,,
Unmatched,No Match,16,C:\Users\JamesCody\Inverloch Marine\Inverloch Marine Management - Management\Website\Website Rebuild Considerations\New Website\Photos\Game King\915 Game King\915-game-king-card.jpg,,
Matched,High,0,C:\Users\JamesCody\Inverloch Marine\Inverloch Marine Management - Management\Website\Website Rebuild Considerations\New Website\Photos\Game King\915 Game King\915-game-king-gallery-01.jpg,C:\Users\JamesCody\Inverloch Marine\Data - Documents\A SALES RELATED\EXTREME BOATS\Extreme Boat Photos\915 Game King\High Def\915 Game King_06.jpg,C:\Users\JamesCody\Inverloch Marine\Inverloch Marine Management - Management\Website\Website Rebuild Considerations\Brand Photos\Extreme\Game King\915 Game King\915 Game King_001.jpg
Matched,High,0,C:\Users\JamesCody\Inverloch Marine\Inverloch Marine Management - Management\Website\Website Rebuild Considerations\New Website\Photos\Game King\915 Game King\915-game-king-gallery-02.jpg,C:\Users\JamesCody\Inverloch Marine\Data - Documents\A SALES RELATED\EXTREME BOATS\Extreme Boat Photos\915 Game King\4_3\915 Game King_08.jpg,C:\Users\JamesCody\Inverloch Marine\Inverloch Marine Management - Management\Website\Website Rebuild Considerations\Brand Photos\Extreme\Game King\915 Game King\915 Game King_002.jpg
Matched,High,0,C:\Users\JamesCody\Inverloch Marine\Inverloch Marine Management - Management\Website\Website Rebuild Considerations\New Website\Photos\Game King\915 Game King\915-game-king-gallery-03.jpg,C:\Users\JamesCody\Inverloch Marine\Data - Documents\A SALES RELATED\EXTREME BOATS\Extreme Boat Photos\915 Game King\4_3\915 Game King_10.jpg,C:\Users\JamesCody\Inverloch Marine\Inverloch Marine Management - Management\Website\Website Rebuild Considerations\Brand Photos\Extreme\Game King\915 Game King\915 Game King_003.jpg
Unmatched,No Match,12,C:\Users\JamesCody\Inverloch Marine\Inverloch Marine Management - Management\Website\Website Rebuild Considerations\New Website\Photos\Game King\915 Game King\915-game-king-gallery-04.jpg,,
Matched,Medium,10,C:\Users\JamesCody\Inverloch Marine\Inverloch Marine Management - Management\Website\Website Rebuild Considerations\New Website\Photos\Game King\915 Game King\915-game-king-gallery-05.jpg,C:\Users\JamesCody\Inverloch Marine\Data - Documents\A SALES RELATED\EXTREME BOATS\Extreme Boat Photos\915 Game King\3_2\915 Game King_35.jpg,C:\Users\JamesCody\Inverloch Marine\Inverloch Marine Management - Management\Website\Website Rebuild Considerations\Brand Photos\Extreme\Game King\915 Game King\915 Game King_004.jpg
Matched,Medium,8,C:\Users\JamesCody\Inverloch Marine\Inverloch Marine Management - Management\Website\Website Rebuild Considerations\New Website\Photos\Game King\915 Game King\915-game-king-gallery-06.jpg,C:\Users\JamesCody\Inverloch Marine\Data - Documents\A SALES RELATED\EXTREME BOATS\Extreme Boat Photos\915 Game King\3_2\915 Game King_36.jpg,C:\Users\JamesCody\Inverloch Marine\Inverloch Marine Management - Management\Website\Website Rebuild Considerations\Brand Photos\Extreme\Game King\915 Game King\915 Game King_005.jpg
Matched,Medium,8,C:\Users\JamesCody\Inverloch Marine\Inverloch Marine Management - Management\Website\Website Rebuild Considerations\New Website\Photos\Game King\915 Game King\915-game-king-gallery-07.jpg,C:\Users\JamesCody\Inverloch Marine\Data - Documents\A SALES RELATED\EXTREME BOATS\Extreme Boat Photos\915 Game King\3_2\915 Game King_37.jpg,C:\Users\JamesCody\Inverloch Marine\Inverloch Marine Management - Management\Website\Website Rebuild Considerations\Brand Photos\Extreme\Game King\915 Game King\915 Game King_006.jpg
Unmatched,No Match,16,C:\Users\JamesCody\Inverloch Marine\Inverloch Marine Management - Management\Website\Website Rebuild Considerations\New Website\Photos\Game King\915 Game King\915-game-king-gallery-08.jpg,,
Unmatched,No Match,12,C:\Users\JamesCody\Inverloch Marine\Inverloch Marine Management - Management\Website\Website Rebuild Considerations\New Website\Photos\Game King\915 Game King\915-game-king-hero.jpg,,
Unmatched,No Match,18,C:\Users\JamesCody\Inverloch Marine\Inverloch Marine Management - Management\Website\Website Rebuild Considerations\New Website\Photos\Game King\986 Game King\986-game-king-card.jpg,,
Matched,High,0,C:\Users\JamesCody\Inverloch Marine\Inverloch Marine Management - Management\Website\Website Rebuild Considerations\New Website\Photos\Game King\986 Game King\986-game-king-gallery-01.jpg,C:\Users\JamesCody\Inverloch Marine\Data - Documents\A SALES RELATED\EXTREME BOATS\Extreme Boat Photos\986 Game King\4_3\986 Game King_01.jpg,C:\Users\JamesCody\Inverloch Marine\Inverloch Marine Management - Management\Website\Website Rebuild Considerations\Brand Photos\Extreme\Game King\986 Game King\986 Game King_001.jpg
Matched,High,0,C:\Users\JamesCody\Inverloch Marine\Inverloch Marine Management - Management\Website\Website Rebuild Considerations\New Website\Photos\Game King\986 Game King\986-game-king-gallery-02.jpg,C:\Users\JamesCody\Inverloch Marine\Data - Documents\A SALES RELATED\EXTREME BOATS\Extreme Boat Photos\986 Game King\4_3\986 Game King_03.jpg,C:\Users\JamesCody\Inverloch Marine\Inverloch Marine Management - Management\Website\Website Rebuild Considerations\Brand Photos\Extreme\Game King\986 Game King\986 Game King_002.jpg
Unmatched,No Match,14,C:\Users\JamesCody\Inverloch Marine\Inverloch Marine Management - Management\Website\Website Rebuild Considerations\New Website\Photos\Game King\986 Game King\986-game-king-gallery-03.jpg,,
Unmatched,No Match,12,C:\Users\JamesCody\Inverloch Marine\Inverloch Marine Management - Management\Website\Website Rebuild Considerations\New Website\Photos\Game King\986 Game King\986-game-king-gallery-04.jpg,,
Matched,High,6,C:\Users\JamesCody\Inverloch Marine\Inverloch Marine Management - Management\Website\Website Rebuild Considerations\New Website\Photos\Game King\986 Game King\986-game-king-gallery-05.jpg,C:\Users\JamesCody\Inverloch Marine\Data - Documents\A SALES RELATED\EXTREME BOATS\Extreme Boat Photos\986 Game King\3_2\986 Game King_05.jpg,C:\Users\JamesCody\Inverloch Marine\Inverloch Marine Management - Management\Website\Website Rebuild Considerations\Brand Photos\Extreme\Game King\986 Game King\986 Game King_003.jpg
Unmatched,No Match,16,C:\Users\JamesCody\Inverloch Marine\Inverloch Marine Management - Management\Website\Website Rebuild Considerations\New Website\Photos\Game King\986 Game King\986-game-king-gallery-06.jpg,,
Unmatched,No Match,12,C:\Users\JamesCody\Inverloch Marine\Inverloch Marine Management - Management\Website\Website Rebuild Considerations\New Website\Photos\Game King\986 Game King\986-game-king-gallery-07.jpg,,
Matched,Medium,10,C:\Users\JamesCody\Inverloch Marine\Inverloch Marine Management - Management\Website\Website Rebuild Considerations\New Website\Photos\Game King\986 Game King\986-game-king-gallery-08.jpg,C:\Users\JamesCody\Inverloch Marine\Data - Documents\A SALES RELATED\EXTREME BOATS\Extreme Boat Photos\986 Game King_factory\IMG_9241.jpg,C:\Users\JamesCody\Inverloch Marine\Inverloch Marine Management - Management\Website\Website Rebuild Considerations\Brand Photos\Extreme\Game King\986 Game King\986 Game King_004.jpg
Matched,High,6,C:\Users\JamesCody\Inverloch Marine\Inverloch Marine Management - Management\Website\Website Rebuild Considerations\New Website\Photos\Game King\986 Game King\986-game-king-gallery-09.jpg,C:\Users\JamesCody\Inverloch Marine\Data - Documents\A SALES RELATED\EXTREME BOATS\Extreme Boat Photos\986 Game King\3_2\986 Game King_14.jpg,C:\Users\JamesCody\Inverloch Marine\Inverloch Marine Management - Management\Website\Website Rebuild Considerations\Brand Photos\Extreme\Game King\986 Game King\986 Game King_005.jpg
Unmatched,No Match,16,C:\Users\JamesCody\Inverloch Marine\Inverloch Marine Management - Management\Website\Website Rebuild Considerations\New Website\Photos\Game King\986 Game King\986-game-king-hero.jpg,,
Unmatched,No Match,16,C:\Users\JamesCody\Inverloch Marine\Inverloch Marine Management - Management\Website\Website Rebuild Considerations\New Website\Photos\Enduro\1770 Enduro\1770-enduro-card.jpg,,
Matched,High,0,C:\Users\JamesCody\Inverloch Marine\Inverloch Marine Management - Management\Website\Website Rebuild Considerations\New Website\Photos\Enduro\1770 Enduro\1770-enduro-gallery-01.jpg,C:\Users\JamesCody\Inverloch Marine\Data - Documents\A SALES RELATED\a New stock boat pics\MY23 1770\MY23 Clearance\g.jpg,C:\Users\JamesCody\Inverloch Marine\Inverloch Marine Management - Management\Website\Website Rebuild Considerations\Brand Photos\Extreme\Enduro\1770 Enduro\1770 Enduro_001.jpg
Matched,High,0,C:\Users\JamesCody\Inverloch Marine\Inverloch Marine Management - Management\Website\Website Rebuild Considerations\New Website\Photos\Enduro\1770 Enduro\1770-enduro-gallery-02.jpg,C:\Users\JamesCody\Inverloch Marine\Data - Documents\A SALES RELATED\a New stock boat pics\MY23 1770\MY23 Clearance\i.jpg,C:\Users\JamesCody\Inverloch Marine\Inverloch Marine Management - Management\Website\Website Rebuild Considerations\Brand Photos\Extreme\Enduro\1770 Enduro\1770 Enduro_002.jpg
Matched,High,0,C:\Users\JamesCody\Inverloch Marine\Inverloch Marine Management - Management\Website\Website Rebuild Considerations\New Website\Photos\Enduro\1770 Enduro\1770-enduro-gallery-03.jpg,C:\Users\JamesCody\Inverloch Marine\Data - Documents\A SALES RELATED\a New stock boat pics\MY23 1770\4.jpg,C:\Users\JamesCody\Inverloch Marine\Inverloch Marine Management - Management\Website\Website Rebuild Considerations\Brand Photos\Extreme\Enduro\1770 Enduro\1770 Enduro_003.jpg
Matched,High,0,C:\Users\JamesCody\Inverloch Marine\Inverloch Marine Management - Management\Website\Website Rebuild Considerations\New Website\Photos\Enduro\1770 Enduro\1770-enduro-gallery-04.jpg,C:\Users\JamesCody\Inverloch Marine\Data - Documents\A SALES RELATED\a New stock boat pics\MY23 1770\MY23 Clearance\k.jpg,C:\Users\JamesCody\Inverloch Marine\Inverloch Marine Management - Management\Website\Website Rebuild Considerations\Brand Photos\Extreme\Enduro\1770 Enduro\1770 Enduro_004.jpg
Matched,High,0,C:\Users\JamesCody\Inverloch Marine\Inverloch Marine Management - Management\Website\Website Rebuild Considerations\New Website\Photos\Enduro\1770 Enduro\1770-enduro-gallery-05.jpg,C:\Users\JamesCody\Inverloch Marine\Data - Documents\A SALES RELATED\a New stock boat pics\MY23 1770\MY23 Clearance\l.jpg,C:\Users\JamesCody\Inverloch Marine\Inverloch Marine Management - Management\Website\Website Rebuild Considerations\Brand Photos\Extreme\Enduro\1770 Enduro\1770 Enduro_005.jpg
Matched,High,0,C:\Users\JamesCody\Inverloch Marine\Inverloch Marine Management - Management\Website\Website Rebuild Considerations\New Website\Photos\Enduro\1770 Enduro\1770-enduro-gallery-06.jpg,C:\Users\JamesCody\Inverloch Marine\Data - Documents\A SALES RELATED\a New stock boat pics\MY23 1770\8.jpg,C:\Users\JamesCody\Inverloch Marine\Inverloch Marine Management - Management\Website\Website Rebuild Considerations\Brand Photos\Extreme\Enduro\1770 Enduro\1770 Enduro_006.jpg
Matched,High,0,C:\Users\JamesCody\Inverloch Marine\Inverloch Marine Management - Management\Website\Website Rebuild Considerations\New Website\Photos\Enduro\1770 Enduro\1770-enduro-gallery-07.jpg,C:\Users\JamesCody\Inverloch Marine\Data - Documents\A SALES RELATED\a New stock boat pics\MY23 1770\MY23 Clearance\m.jpg,C:\Users\JamesCody\Inverloch Marine\Inverloch Marine Management - Management\Website\Website Rebuild Considerations\Brand Photos\Extreme\Enduro\1770 Enduro\1770 Enduro_007.jpg
Matched,High,0,C:\Users\JamesCody\Inverloch Marine\Inverloch Marine Management - Management\Website\Website Rebuild Considerations\New Website\Photos\Enduro\1770 Enduro\1770-enduro-gallery-08.jpg,C:\Users\JamesCody\Inverloch Marine\Data - Documents\A SALES RELATED\a New stock boat pics\MY23 1770\MY23 Clearance\e.jpg,C:\Users\JamesCody\Inverloch Marine\Inverloch Marine Management - Management\Website\Website Rebuild Considerations\Brand Photos\Extreme\Enduro\1770 Enduro\1770 Enduro_008.jpg
Unmatched,No Match,18,C:\Users\JamesCody\Inverloch Marine\Inverloch Marine Management - Management\Website\Website Rebuild Considerations\New Website\Photos\Enduro\1770 Enduro\1770-enduro-hero.jpg,,
Unmatched,No Match,16,C:\Users\JamesCody\Inverloch Marine\Inverloch Marine Management - Management\Website\Website Rebuild Considerations\New Website\Photos\Console\545 Centre Console\545-centre-console-card.jpg,,
Unmatched,No Match,12,C:\Users\JamesCody\Inverloch Marine\Inverloch Marine Management - Management\Website\Website Rebuild Considerations\New Website\Photos\Console\545 Centre Console\545-centre-console-gallery-01.jpg,,
Unmatched,No Match,16,C:\Users\JamesCody\Inverloch Marine\Inverloch Marine Management - Management\Website\Website Rebuild Considerations\New Website\Photos\Console\545 Centre Console\545-centre-console-gallery-02.jpg,,
Matched,High,2,C:\Users\JamesCody\Inverloch Marine\Inverloch Marine Management - Management\Website\Website Rebuild Considerations\New Website\Photos\Console\545 Centre Console\545-centre-console-gallery-03.jpg,C:\Users\JamesCody\Inverloch Marine\Data - Documents\A SALES RELATED\a New stock boat pics\MY23 545CC White IM3346\Photos\Extreme 545 Centre Console_4.jpg,C:\Users\JamesCody\Inverloch Marine\Inverloch Marine Management - Management\Website\Website Rebuild Considerations\Brand Photos\Extreme\Console\545 Centre Console\545 Centre Console_001.jpg
Unmatched,No Match,16,C:\Users\JamesCody\Inverloch Marine\Inverloch Marine Management - Management\Website\Website Rebuild Considerations\New Website\Photos\Console\545 Centre Console\545-centre-console-gallery-04.jpg,,
Unmatched,No Match,14,C:\Users\JamesCody\Inverloch Marine\Inverloch Marine Management - Management\Website\Website Rebuild Considerations\New Website\Photos\Console\545 Centre Console\545-centre-console-gallery-05.jpg,,
Unmatched,No Match,14,C:\Users\JamesCody\Inverloch Marine\Inverloch Marine Management - Management\Website\Website Rebuild Considerations\New Website\Photos\Console\545 Centre Console\545-centre-console-gallery-06.jpg,,
Unmatched,No Match,16,C:\Users\JamesCody\Inverloch Marine\Inverloch Marine Management - Management\Website\Website Rebuild Considerations\New Website\Photos\Console\545 Centre Console\545-centre-console-gallery-07.jpg,,
Matched,Medium,8,C:\Users\JamesCody\Inverloch Marine\Inverloch Marine Management - Management\Website\Website Rebuild Considerations\New Website\Photos\Console\545 Centre Console\545-centre-console-gallery-08.jpg,C:\Users\JamesCody\Inverloch Marine\Data - Documents\A SALES RELATED\a New stock boat pics\MY23 545CC White IM3346\Photos\Extreme 545 Centre Console_28.jpg,C:\Users\JamesCody\Inverloch Marine\Inverloch Marine Management - Management\Website\Website Rebuild Considerations\Brand Photos\Extreme\Console\545 Centre Console\545 Centre Console_002.jpg
Unmatched,No Match,12,C:\Users\JamesCody\Inverloch Marine\Inverloch Marine Management - Management\Website\Website Rebuild Considerations\New Website\Photos\Console\545 Centre Console\545-centre-console-hero.jpg,,
Unmatched,No Match,16,C:\Users\JamesCody\Inverloch Marine\Inverloch Marine Management - Management\Website\Website Rebuild Considerations\New Website\Photos\Console\545 Side Console\545-side-console-card.jpg,,
Unmatched,No Match,12,C:\Users\JamesCody\Inverloch Marine\Inverloch Marine Management - Management\Website\Website Rebuild Considerations\New Website\Photos\Console\545 Side Console\545-side-console-gallery-01.jpg,,
Unmatched,No Match,18,C:\Users\JamesCody\Inverloch Marine\Inverloch Marine Management - Management\Website\Website Rebuild Considerations\New Website\Photos\Console\545 Side Console\545-side-console-gallery-02.jpg,,
Unmatched,No Match,16,C:\Users\JamesCody\Inverloch Marine\Inverloch Marine Management - Management\Website\Website Rebuild Considerations\New Website\Photos\Console\545 Side Console\545-side-console-gallery-03.jpg,,
Unmatched,No Match,14,C:\Users\JamesCody\Inverloch Marine\Inverloch Marine Management - Management\Website\Website Rebuild Considerations\New Website\Photos\Console\545 Side Console\545-side-console-gallery-04.jpg,,
Unmatched,No Match,18,C:\Users\JamesCody\Inverloch Marine\Inverloch Marine Management - Management\Website\Website Rebuild Considerations\New Website\Photos\Console\545 Side Console\545-side-console-gallery-05.jpg,,
Unmatched,No Match,18,C:\Users\JamesCody\Inverloch Marine\Inverloch Marine Management - Management\Website\Website Rebuild Considerations\New Website\Photos\Console\545 Side Console\545-side-console-gallery-06.jpg,,
Unmatched,No Match,18,C:\Users\JamesCody\Inverloch Marine\Inverloch Marine Management - Management\Website\Website Rebuild Considerations\New Website\Photos\Console\545 Side Console\545-side-console-gallery-07.jpg,,
Unmatched,No Match,16,C:\Users\JamesCody\Inverloch Marine\Inverloch Marine Management - Management\Website\Website Rebuild Considerations\New Website\Photos\Console\545 Side Console\545-side-console-gallery-08.jpg,,
Unmatched,No Match,14,C:\Users\JamesCody\Inverloch Marine\Inverloch Marine Management - Management\Website\Website Rebuild Considerations\New Website\Photos\Console\545 Side Console\545-side-console-hero.jpg,,
Unmatched,No Match,16,C:\Users\JamesCody\Inverloch Marine\Inverloch Marine Management - Management\Website\Website Rebuild Considerations\New Website\Photos\Console\605 Centre Console\605-centre-console-card.jpg,,
Unmatched,No Match,16,C:\Users\JamesCody\Inverloch Marine\Inverloch Marine Management - Management\Website\Website Rebuild Considerations\New Website\Photos\Console\605 Centre Console\605-centre-console-gallery-01.jpg,,
Unmatched,No Match,16,C:\Users\JamesCody\Inverloch Marine\Inverloch Marine Management - Management\Website\Website Rebuild Considerations\New Website\Photos\Console\605 Centre Console\605-centre-console-gallery-02.jpg,,
Unmatched,No Match,14,C:\Users\JamesCody\Inverloch Marine\Inverloch Marine Management - Management\Website\Website Rebuild Considerations\New Website\Photos\Console\605 Centre Console\605-centre-console-gallery-03.jpg,,
Unmatched,No Match,18,C:\Users\JamesCody\Inverloch Marine\Inverloch Marine Management - Management\Website\Website Rebuild Considerations\New Website\Photos\Console\605 Centre Console\605-centre-console-gallery-04.jpg,,
Unmatched,No Match,16,C:\Users\JamesCody\Inverloch Marine\Inverloch Marine Management - Management\Website\Website Rebuild Considerations\New Website\Photos\Console\605 Centre Console\605-centre-console-gallery-05.jpg,,
Unmatched,No Match,18,C:\Users\JamesCody\Inverloch Marine\Inverloch Marine Management - Management\Website\Website Rebuild Considerations\New Website\Photos\Console\605 Centre Console\605-centre-console-gallery-06.jpg,,
Unmatched,No Match,16,C:\Users\JamesCody\Inverloch Marine\Inverloch Marine Management - Management\Website\Website Rebuild Considerations\New Website\Photos\Console\605 Centre Console\605-centre-console-gallery-07.jpg,,
Unmatched,No Match,14,C:\Users\JamesCody\Inverloch Marine\Inverloch Marine Management - Management\Website\Website Rebuild Considerations\New Website\Photos\Console\605 Centre Console\605-centre-console-gallery-08.jpg,,
Unmatched,No Match,14,C:\Users\JamesCody\Inverloch Marine\Inverloch Marine Management - Management\Website\Website Rebuild Considerations\New Website\Photos\Console\605 Centre Console\605-centre-console-hero.jpg,,
Unmatched,No Match,12,C:\Users\JamesCody\Inverloch Marine\Inverloch Marine Management - Management\Website\Website Rebuild Considerations\New Website\Photos\Console\645 Centre Console\645-centre-console-card.jpg,,
Matched,High,0,C:\Users\JamesCody\Inverloch Marine\Inverloch Marine Management - Management\Website\Website Rebuild Considerations\New Website\Photos\Console\645 Centre Console\645-centre-console-gallery-01.jpg,C:\Users\JamesCody\Inverloch Marine\Data - Documents\A SALES RELATED\EXTREME BOATS\Extreme Boat Photos\645 Centre Console\4_3\645 Centre Console_05.jpg,C:\Users\JamesCody\Inverloch Marine\Inverloch Marine Management - Management\Website\Website Rebuild Considerations\Brand Photos\Extreme\Console\645 Centre Console\645 Centre Console_001.jpg
Matched,High,0,C:\Users\JamesCody\Inverloch Marine\Inverloch Marine Management - Management\Website\Website Rebuild Considerations\New Website\Photos\Console\645 Centre Console\645-centre-console-gallery-02.jpg,C:\Users\JamesCody\Inverloch Marine\Data - Documents\A SALES RELATED\EXTREME BOATS\Extreme Boat Photos\645 Centre Console\4_3\645 Centre Console_01.jpg,C:\Users\JamesCody\Inverloch Marine\Inverloch Marine Management - Management\Website\Website Rebuild Considerations\Brand Photos\Extreme\Console\645 Centre Console\645 Centre Console_002.jpg
Unmatched,No Match,16,C:\Users\JamesCody\Inverloch Marine\Inverloch Marine Management - Management\Website\Website Rebuild Considerations\New Website\Photos\Console\645 Centre Console\645-centre-console-gallery-03.jpg,,
Unmatched,No Match,14,C:\Users\JamesCody\Inverloch Marine\Inverloch Marine Management - Management\Website\Website Rebuild Considerations\New Website\Photos\Console\645 Centre Console\645-centre-console-gallery-04.jpg,,
Unmatched,No Match,18,C:\Users\JamesCody\Inverloch Marine\Inverloch Marine Management - Management\Website\Website Rebuild Considerations\New Website\Photos\Console\645 Centre Console\645-centre-console-gallery-05.jpg,,
Unmatched,No Match,16,C:\Users\JamesCody\Inverloch Marine\Inverloch Marine Management - Management\Website\Website Rebuild Considerations\New Website\Photos\Console\645 Centre Console\645-centre-console-gallery-06.jpg,,
Matched,Medium,10,C:\Users\JamesCody\Inverloch Marine\Inverloch Marine Management - Management\Website\Website Rebuild Considerations\New Website\Photos\Console\645 Centre Console\645-centre-console-gallery-07.jpg,C:\Users\JamesCody\Inverloch Marine\Data - Documents\A SALES RELATED\EXTREME BOATS\Extreme Boat Photos\645 Centre Console\3_2\645 Centre Console_08.jpg,C:\Users\JamesCody\Inverloch Marine\Inverloch Marine Management - Management\Website\Website Rebuild Considerations\Brand Photos\Extreme\Console\645 Centre Console\645 Centre Console_003.jpg
Matched,High,6,C:\Users\JamesCody\Inverloch Marine\Inverloch Marine Management - Management\Website\Website Rebuild Considerations\New Website\Photos\Console\645 Centre Console\645-centre-console-gallery-08.jpg,C:\Users\JamesCody\Inverloch Marine\Data - Documents\A SALES RELATED\EXTREME BOATS\Extreme Boat Photos\645 Centre Console\3_2\645 Centre Console_10.jpg,C:\Users\JamesCody\Inverloch Marine\Inverloch Marine Management - Management\Website\Website Rebuild Considerations\Brand Photos\Extreme\Console\645 Centre Console\645 Centre Console_004.jpg
Unmatched,No Match,16,C:\Users\JamesCody\Inverloch Marine\Inverloch Marine Management - Management\Website\Website Rebuild Considerations\New Website\Photos\Console\645 Centre Console\645-centre-console-hero.jpg,,
Unmatched,No Match,12,C:\Users\JamesCody\Inverloch Marine\Inverloch Marine Management - Management\Website\Website Rebuild Considerations\New Website\Photos\Console\745 Centre Console\745-centre-console-card.jpg,,
Unmatched,No Match,12,C:\Users\JamesCody\Inverloch Marine\Inverloch Marine Management - Management\Website\Website Rebuild Considerations\New Website\Photos\Console\745 Centre Console\745-centre-console-gallery-01.jpg,,
Matched,High,4,C:\Users\JamesCody\Inverloch Marine\Inverloch Marine Management - Management\Website\Website Rebuild Considerations\New Website\Photos\Console\745 Centre Console\745-centre-console-gallery-02.jpg,C:\Users\JamesCody\Inverloch Marine\Data - Documents\A SALES RELATED\EXTREME BOATS\Extreme Boat Photos\745 Centre Console\DJI_0015.jpg,C:\Users\JamesCody\Inverloch Marine\Inverloch Marine Management - Management\Website\Website Rebuild Considerations\Brand Photos\Extreme\Console\745 Centre Console\745 Centre Console_001.jpg
Unmatched,No Match,14,C:\Users\JamesCody\Inverloch Marine\Inverloch Marine Management - Management\Website\Website Rebuild Considerations\New Website\Photos\Console\745 Centre Console\745-centre-console-gallery-03.jpg,,
Matched,High,0,C:\Users\JamesCody\Inverloch Marine\Inverloch Marine Management - Management\Website\Website Rebuild Considerations\New Website\Photos\Console\745 Centre Console\745-centre-console-gallery-04.jpg,C:\Users\JamesCody\Inverloch Marine\Data - Documents\A SALES RELATED\EXTREME BOATS\Extreme Boat Photos\745 Centre Console\IMG_8739.jpg,C:\Users\JamesCody\Inverloch Marine\Inverloch Marine Management - Management\Website\Website Rebuild Considerations\Brand Photos\Extreme\Console\745 Centre Console\745 Centre Console_002.jpg
Unmatched,No Match,18,C:\Users\JamesCody\Inverloch Marine\Inverloch Marine Management - Management\Website\Website Rebuild Considerations\New Website\Photos\Console\745 Centre Console\745-centre-console-gallery-05.jpg,,
Unmatched,No Match,12,C:\Users\JamesCody\Inverloch Marine\Inverloch Marine Management - Management\Website\Website Rebuild Considerations\New Website\Photos\Console\745 Centre Console\745-centre-console-gallery-06.jpg,,
Unmatched,No Match,14,C:\Users\JamesCody\Inverloch Marine\Inverloch Marine Management - Management\Website\Website Rebuild Considerations\New Website\Photos\Console\745 Centre Console\745-centre-console-hero.jpg,,
